{
  "loss": [
    0.5481728315353394,
    0.40417325496673584,
    0.3408210277557373,
    0.3219967186450958,
    0.2990315556526184,
    0.2619466483592987,
    0.25955501198768616,
    0.24098218977451324,
    0.23356275260448456,
    0.2357122302055359,
    0.22422923147678375,
    0.2268194705247879,
    0.2292255163192749,
    0.2079954296350479,
    0.20811130106449127,
    0.206058070063591,
    0.20551766455173492,
    0.20023652911186218,
    0.2023673951625824,
    0.19387175142765045,
    0.19090579450130463,
    0.19335518777370453,
    0.19363602995872498,
    0.19786743819713593,
    0.18427427113056183,
    0.1927146166563034,
    0.18324005603790283,
    0.18527133762836456,
    0.18135996162891388,
    0.20015154778957367,
    0.1887209117412567,
    0.17959409952163696,
    0.18219442665576935,
    0.18913425505161285,
    0.19122429192066193,
    0.18867498636245728,
    0.19446907937526703
  ],
  "iou_metric": [
    0.2491663545370102,
    0.40704667568206787,
    0.45676037669181824,
    0.45947638154029846,
    0.4743150472640991,
    0.5263918042182922,
    0.5168598294258118,
    0.5447065830230713,
    0.5518302321434021,
    0.5493749976158142,
    0.5634215474128723,
    0.5564687252044678,
    0.5475558042526245,
    0.5783728957176208,
    0.5793197751045227,
    0.5847607254981995,
    0.5863474607467651,
    0.5920414924621582,
    0.5881685614585876,
    0.6051692366600037,
    0.6092106103897095,
    0.5975799560546875,
    0.6133529543876648,
    0.5946255922317505,
    0.6209176778793335,
    0.6027515530586243,
    0.6173520088195801,
    0.6148388981819153,
    0.6189382076263428,
    0.6021881103515625,
    0.613716721534729,
    0.6250709891319275,
    0.615756630897522,
    0.6056061387062073,
    0.6000362634658813,
    0.6114562153816223,
    0.5941804051399231
  ],
  "val_loss": [
    0.5295321345329285,
    0.4414024353027344,
    0.4110131859779358,
    0.37968385219573975,
    0.35346949100494385,
    0.3439318537712097,
    0.34551188349723816,
    0.3241529166698456,
    0.3299693167209625,
    0.3343452513217926,
    0.31734511256217957,
    0.325268417596817,
    0.32068386673927307,
    0.3262675702571869,
    0.3353547751903534,
    0.3151112198829651,
    0.3155837655067444,
    0.3073135316371918,
    0.30155065655708313,
    0.29755982756614685,
    0.3076331317424774,
    0.29266542196273804,
    0.30266043543815613,
    0.3041984736919403,
    0.3065159022808075,
    0.2949638068675995,
    0.29183006286621094,
    0.3059035539627075,
    0.30944758653640747,
    0.29583922028541565,
    0.3054048717021942,
    0.28895607590675354,
    0.29748475551605225,
    0.2925723195075989,
    0.29513081908226013,
    0.29557785391807556,
    0.2900336682796478
  ],
  "val_iou_metric": [
    0.42606857419013977,
    0.6062847971916199,
    0.599737286567688,
    0.6023632884025574,
    0.6383786201477051,
    0.6573355197906494,
    0.6328251957893372,
    0.6683736443519592,
    0.6646289825439453,
    0.6524435877799988,
    0.6700087189674377,
    0.6554877161979675,
    0.6921886205673218,
    0.6735748052597046,
    0.6493817567825317,
    0.6824187636375427,
    0.678778350353241,
    0.6976362466812134,
    0.7071315050125122,
    0.6972330808639526,
    0.6803041696548462,
    0.7107689380645752,
    0.7023481130599976,
    0.70893394947052,
    0.7019411325454712,
    0.7160384058952332,
    0.7251443862915039,
    0.69670569896698,
    0.6983587741851807,
    0.5515919327735901,
    0.6641666293144226,
    0.7224639654159546,
    0.7125352025032043,
    0.7002933025360107,
    0.7054346799850464,
    0.7013574242591858,
    0.7230789065361023
  ],
  "lr": [
    9.999999747378752e-05,
    9.999999747378752e-05,
    9.999999747378752e-05,
    9.999999747378752e-05,
    9.999999747378752e-05,
    9.999999747378752e-05,
    9.999999747378752e-05,
    9.999999747378752e-05,
    9.999999747378752e-05,
    9.999999747378752e-05,
    9.999999747378752e-05,
    9.999999747378752e-05,
    9.999999747378752e-05,
    9.999999747378752e-05,
    9.999999747378752e-05,
    9.999999747378752e-05,
    9.999999747378752e-05,
    9.999999747378752e-05,
    9.999999747378752e-05,
    9.999999747378752e-05,
    9.999999747378752e-05,
    9.999999747378752e-05,
    9.999999747378752e-05,
    9.999999747378752e-05,
    9.999999747378752e-05,
    9.999999747378752e-05,
    9.999999747378752e-05,
    9.999999747378752e-05,
    9.999999747378752e-05,
    9.999999747378752e-05,
    9.999999747378752e-05,
    9.999999747378752e-05,
    9.999999747378752e-05,
    9.999999747378752e-05,
    9.999999747378752e-05,
    9.999999747378752e-05,
    9.999999747378752e-05
  ]
}