{
  "loss": [
    0.6668214201927185,
    0.5058836340904236,
    0.4313906729221344,
    0.38291284441947937,
    0.34488949179649353,
    0.2991558909416199,
    0.27789363265037537,
    0.25532907247543335,
    0.24073509871959686,
    0.2353552132844925,
    0.22583436965942383,
    0.21928027272224426,
    0.2170775979757309,
    0.20563280582427979,
    0.20044644176959991,
    0.1976926177740097,
    0.18904343247413635,
    0.19154945015907288,
    0.19678230583667755,
    0.18608371913433075,
    0.18301978707313538,
    0.17647771537303925,
    0.18715137243270874,
    0.18467482924461365,
    0.17214448750019073,
    0.1707250475883484,
    0.16763901710510254,
    0.17290917038917542,
    0.16162540018558502,
    0.166610449552536,
    0.16185148060321808,
    0.16049808263778687,
    0.16089370846748352,
    0.15861079096794128,
    0.16272766888141632,
    0.1618974357843399,
    0.15647105872631073,
    0.16009052097797394,
    0.15408527851104736,
    0.1531449854373932
  ],
  "iou_metric": [
    0.21575850248336792,
    0.3912011384963989,
    0.4336215853691101,
    0.45209234952926636,
    0.4668278098106384,
    0.5190345048904419,
    0.5269138813018799,
    0.5469675660133362,
    0.5595211982727051,
    0.5599726438522339,
    0.568759024143219,
    0.5755550265312195,
    0.5768277645111084,
    0.5886942744255066,
    0.5954577326774597,
    0.5996060967445374,
    0.6152933239936829,
    0.6096036434173584,
    0.5990146398544312,
    0.6161224842071533,
    0.6211941838264465,
    0.6316288113594055,
    0.6133317351341248,
    0.6163247227668762,
    0.6369605660438538,
    0.6392853856086731,
    0.6465833187103271,
    0.6368631720542908,
    0.6559386849403381,
    0.6484841704368591,
    0.6557896733283997,
    0.6573958992958069,
    0.6544384956359863,
    0.6616360545158386,
    0.655867338180542,
    0.6506022214889526,
    0.6659409999847412,
    0.6587899327278137,
    0.66842120885849,
    0.6706811189651489
  ],
  "val_loss": [
    0.6283727288246155,
    0.4510614573955536,
    0.391148179769516,
    0.3440278172492981,
    0.3078625798225403,
    0.2829136848449707,
    0.26760151982307434,
    0.2541658580303192,
    0.23999178409576416,
    0.23385784029960632,
    0.2162466049194336,
    0.20800073444843292,
    0.21787026524543762,
    0.22770962119102478,
    0.21196900308132172,
    0.2140609323978424,
    0.1925656795501709,
    0.1904238760471344,
    0.19350774586200714,
    0.20672596991062164,
    0.18796506524085999,
    0.19603852927684784,
    0.20831245183944702,
    0.19402198493480682,
    0.1889825165271759,
    0.18810267746448517,
    0.18495823442935944,
    0.18226999044418335,
    0.18491728603839874,
    0.17869658768177032,
    0.18150664865970612,
    0.17771460115909576,
    0.18201473355293274,
    0.1839337944984436,
    0.1836414486169815,
    0.18059764802455902,
    0.18353460729122162,
    0.1797957569360733,
    0.18219108879566193,
    0.18215152621269226
  ],
  "val_iou_metric": [
    0.2483600676059723,
    0.4672234356403351,
    0.49460819363594055,
    0.5146989226341248,
    0.5326774716377258,
    0.544959306716919,
    0.5439821481704712,
    0.5368083715438843,
    0.5586305260658264,
    0.5553637146949768,
    0.5852572917938232,
    0.5940284132957458,
    0.5714675784111023,
    0.5510582327842712,
    0.5845544934272766,
    0.5730814337730408,
    0.6161134243011475,
    0.6148024201393127,
    0.6123457551002502,
    0.5945472717285156,
    0.6200380921363831,
    0.599801242351532,
    0.5880928635597229,
    0.6118335127830505,
    0.6120966672897339,
    0.6165012717247009,
    0.6201238036155701,
    0.6273024082183838,
    0.6182712316513062,
    0.6327486038208008,
    0.626253068447113,
    0.6323647499084473,
    0.6244252324104309,
    0.620678186416626,
    0.6217482089996338,
    0.6287868618965149,
    0.6235160827636719,
    0.6310296654701233,
    0.6242360472679138,
    0.6248951554298401
  ],
  "lr": [
    9.999999747378752e-05,
    9.999999747378752e-05,
    9.999999747378752e-05,
    9.999999747378752e-05,
    9.999999747378752e-05,
    9.999999747378752e-05,
    9.999999747378752e-05,
    9.999999747378752e-05,
    9.999999747378752e-05,
    9.999999747378752e-05,
    9.999999747378752e-05,
    9.999999747378752e-05,
    9.999999747378752e-05,
    9.999999747378752e-05,
    9.999999747378752e-05,
    9.999999747378752e-05,
    9.999999747378752e-05,
    9.999999747378752e-05,
    9.999999747378752e-05,
    9.999999747378752e-05,
    9.999999747378752e-05,
    9.999999747378752e-05,
    9.999999747378752e-05,
    9.999999747378752e-05,
    9.999999747378752e-05,
    9.999999747378752e-05,
    4.999999873689376e-05,
    4.999999873689376e-05,
    4.999999873689376e-05,
    4.999999873689376e-05,
    4.999999873689376e-05,
    4.999999873689376e-05,
    4.999999873689376e-05,
    4.999999873689376e-05,
    4.999999873689376e-05,
    4.999999873689376e-05,
    4.999999873689376e-05,
    2.499999936844688e-05,
    2.499999936844688e-05,
    2.499999936844688e-05
  ]
}